Alabama,Arizona,Arkansas,California,Colorado,Connecticut,Delaware,District of Columbia,Florida,Georgia,Illinois,Indiana,Iowa,Kansas,Kentucky,Louisiana,Maine,Maryland,Massachusetts,Michigan,Minnesota,Mississippi,Missouri,Nevada,New Hampshire,New Jersey,New Mexico,New York,North Carolina,North Dakota,Ohio,Oklahoma,Oregon,Pennsylvania,Rhode Island,South Carolina,Tennessee,Texas,Utah,Virginia,Washington,Wisconsin,date,Alabama_fit,Arizona_fit,Arkansas_fit,California_fit,Colorado_fit,Connecticut_fit,Delaware_fit,District of Columbia_fit,Florida_fit,Georgia_fit,Illinois_fit,Indiana_fit,Iowa_fit,Kansas_fit,Kentucky_fit,Louisiana_fit,Maine_fit,Maryland_fit,Massachusetts_fit,Michigan_fit,Minnesota_fit,Mississippi_fit,Missouri_fit,Nevada_fit,New Hampshire_fit,New Jersey_fit,New Mexico_fit,New York_fit,North Carolina_fit,North Dakota_fit,Ohio_fit,Oklahoma_fit,Oregon_fit,Pennsylvania_fit,Rhode Island_fit,South Carolina_fit,Tennessee_fit,Texas_fit,Utah_fit,Virginia_fit,Washington_fit,Wisconsin_fit
209.00000000000006,266.00000000000017,46.99999999999999,1621.0,674.0000000000002,1767.0000000000007,100.0,152.99999999999997,1046.0000000000002,898.9999999999993,1795.000000000001,741.0000000000007,106.99999999999999,117.99999999999991,200.00000000000009,1659.9999999999995,46.99999999999998,798.0000000000007,2555.9999999999995,3084.999999999998,220.99999999999994,209.00000000000003,272.0000000000002,197.00000000000009,52.99999999999997,5683.0,84.00000000000001,20758.99999999999,294.00000000000006,14.999999999999998,690.0,188.00000000000006,86.00000000000004,1746.9999999999986,201.99999999999986,157.0000000000001,169.00000000000003,624.0000000000005,38.99999999999998,411.00000000000017,722.0000000000006,263.0000000000001,2020-04-24,198.0,236.0,46.0,1600.0,647.0,1779.0,105.0,155.0,1005.0,901.0,1750.0,735.0,105.0,113.0,198.0,1677.0,48.0,811.0,2595.0,3311.0,230.0,200.0,263.0,193.0,49.0,5562.0,84.0,21908.0,299.0,15.0,680.0,196.0,88.0,1643.0,201.0,159.0,168.0,607.0,36.0,407.0,724.0,261.0
209.00000000000006,272.99999999999994,48.000000000000036,1689.000000000001,683.9999999999994,1864.9999999999998,112.00000000000001,165.00000000000009,1054.9999999999993,907.0,1875.0000000000014,785.9999999999997,111.99999999999997,120.00000000000007,205.00000000000003,1707.0000000000002,46.99999999999998,874.9999999999993,2730.0,3155.0000000000023,244.00000000000009,221.00000000000017,281.0000000000002,205.0,52.99999999999997,5913.999999999998,93.00000000000007,21326.0,305.00000000000017,15.999999999999998,710.9999999999995,193.9999999999999,87.00000000000009,1792.9999999999995,215.0000000000001,165.99999999999994,176.99999999999997,638.0000000000002,40.999999999999986,436.99999999999983,737.0,265.99999999999983,2020-04-25,209.0,250.0,49.0,1667.0,669.0,1857.0,112.0,165.0,1047.0,933.0,1843.0,781.0,113.0,117.0,204.0,1714.0,49.0,859.0,2741.0,3379.0,247.0,211.0,277.0,200.0,52.0,5815.0,90.0,22170.0,313.0,16.0,718.0,200.0,91.0,1766.0,212.0,170.0,173.0,635.0,38.0,430.0,738.0,269.0
218.99999999999991,274.9999999999998,50.99999999999998,1725.000000000001,688.0000000000002,1924.0000000000005,120.00000000000003,178.0,1075.0000000000005,916.0000000000008,1933.0000000000011,813.0,118.00000000000006,121.00000000000001,207.99999999999997,1729.0000000000007,49.99999999999996,910.0000000000003,2899.0000000000014,3315.0000000000005,272.0000000000001,226.99999999999991,282.9999999999999,205.99999999999994,59.99999999999998,5938.0,98.99999999999994,21803.999999999993,324.0,17.000000000000007,727.9999999999997,194.99999999999986,91.99999999999994,1816.0000000000002,226.00000000000006,173.9999999999999,181.0000000000001,651.0,40.999999999999986,448.99999999999966,749.0,272.00000000000017,2020-04-26,221.0,265.0,52.0,1735.0,691.0,1935.0,119.0,175.0,1090.0,966.0,1938.0,829.0,121.0,122.0,211.0,1751.0,50.0,908.0,2889.0,3447.0,265.0,223.0,291.0,208.0,56.0,6069.0,96.0,22432.0,328.0,17.0,757.0,204.0,93.0,1892.0,224.0,181.0,178.0,664.0,40.0,454.0,752.0,278.0
227.99999999999994,274.9999999999998,50.99999999999998,1779.0000000000011,706.0000000000001,2011.999999999999,125.00000000000011,185.0000000000001,1088.0000000000005,995.0000000000003,1983.0000000000011,843.9999999999999,126.9999999999999,126.00000000000009,213.00000000000006,1740.0000000000005,50.99999999999995,945.0000000000007,3003.0,3407.0,286.00000000000017,228.9999999999999,303.0,205.99999999999994,59.99999999999998,6043.999999999999,98.99999999999994,22266.999999999993,340.0000000000003,18.999999999999986,753.0000000000003,197.00000000000003,91.99999999999994,1885.9999999999998,233.00000000000009,177.0,183.99999999999994,665.9999999999998,40.999999999999986,459.99999999999966,763.9999999999997,281.0000000000002,2020-04-27,232.0,281.0,54.0,1805.0,713.0,2014.0,126.0,185.0,1133.0,999.0,2035.0,878.0,129.0,126.0,218.0,1788.0,51.0,958.0,3039.0,3515.0,284.0,235.0,305.0,215.0,60.0,6322.0,102.0,22694.0,343.0,18.0,796.0,208.0,95.0,2021.0,236.0,192.0,183.0,693.0,41.0,479.0,765.0,286.0
242.00000000000014,274.9999999999998,57.00000000000001,1863.9999999999998,735.9999999999993,2087.0,137.00000000000009,189.99999999999983,1170.9999999999998,1035.9999999999993,2124.9999999999986,901.0000000000001,136.00000000000009,126.99999999999999,225.0000000000002,1801.0,50.99999999999995,1015.9999999999997,3153.000000000002,3568.000000000002,301.00000000000017,239.0000000000001,330.00000000000006,219.00000000000014,59.99999999999998,6441.999999999999,104.99999999999993,22777.000000000007,363.0,18.999999999999986,798.9999999999995,206.99999999999997,98.99999999999999,2045.9999999999984,239.00000000000009,191.99999999999986,188.00000000000006,719.0000000000006,40.999999999999986,492.0000000000003,786.0000000000002,299.9999999999998,2020-04-28,244.0,296.0,57.0,1875.0,736.0,2092.0,133.0,195.0,1177.0,1032.0,2134.0,927.0,137.0,130.0,224.0,1825.0,52.0,1008.0,3190.0,3584.0,303.0,247.0,319.0,223.0,64.0,6574.0,109.0,22957.0,359.0,19.0,837.0,212.0,97.0,2153.0,248.0,204.0,189.0,723.0,43.0,505.0,779.0,295.0
255.9999999999998,307.9999999999998,57.00000000000001,1946.0000000000016,765.9999999999994,2168.9999999999995,144.00000000000009,205.00000000000006,1217.999999999999,1101.0000000000002,2215.0,964.0000000000003,148.00000000000009,134.00000000000006,234.00000000000006,1845.0,52.000000000000014,1078.0000000000002,3404.9999999999986,3669.999999999999,318.99999999999994,249.99999999999994,338.0000000000001,230.00000000000017,59.99999999999998,6771.000000000001,111.99999999999991,23286.999999999993,382.00000000000017,18.999999999999986,936.9999999999994,213.99999999999997,101.00000000000001,2373.000000000001,250.9999999999999,231.00000000000017,194.9999999999999,753.9999999999999,45.000000000000014,521.9999999999997,800.9999999999999,307.99999999999994,2020-04-29,256.0,313.0,60.0,1946.0,759.0,2171.0,141.0,206.0,1221.0,1066.0,2235.0,977.0,146.0,134.0,231.0,1862.0,53.0,1060.0,3342.0,3653.0,323.0,260.0,334.0,231.0,69.0,6824.0,116.0,23219.0,375.0,20.0,878.0,216.0,100.0,2288.0,261.0,216.0,194.0,753.0,45.0,531.0,793.0,304.0
271.99999999999994,320.0000000000001,61.000000000000014,2030.9999999999989,776.9999999999995,2256.9999999999995,151.99999999999994,224.00000000000014,1268.0000000000007,1131.9999999999998,2355.000000000002,1114.0000000000007,162.0000000000001,134.00000000000006,240.00000000000017,1905.0000000000007,52.99999999999996,1140.0,3561.9999999999986,3789.0000000000014,342.99999999999983,260.99999999999994,349.99999999999994,243.00000000000009,72.0,7227.999999999998,122.9999999999999,23615.999999999993,405.9999999999998,18.999999999999986,975.9999999999992,222.00000000000003,102.99999999999991,2474.999999999999,266.0,244.0000000000001,198.99999999999983,812.0000000000003,46.00000000000002,551.9999999999997,814.0000000000007,316.0000000000001,2020-04-30,268.0,330.0,63.0,2018.0,782.0,2249.0,149.0,216.0,1265.0,1099.0,2337.0,1027.0,155.0,138.0,238.0,1899.0,54.0,1112.0,3495.0,3722.0,344.0,273.0,349.0,238.0,73.0,7072.0,123.0,23481.0,391.0,21.0,920.0,220.0,102.0,2425.0,274.0,228.0,199.0,783.0,47.0,557.0,806.0,312.0
289.0000000000001,329.9999999999999,63.999999999999986,2126.0000000000014,820.9999999999999,2339.000000000001,158.99999999999994,230.99999999999994,1313.9999999999993,1169.000000000001,2457.0000000000014,1174.9999999999995,169.99999999999994,139.99999999999991,246.00000000000014,1970.0000000000005,54.99999999999999,1080.000000000001,3715.9999999999986,3866.0000000000005,369.99999999999983,280.99999999999994,359.99999999999983,246.00000000000003,81.00000000000003,7537.999999999999,131.00000000000003,23841.0,418.99999999999966,22.999999999999986,1002.9999999999999,230.00000000000009,104.00000000000007,2634.9999999999995,278.99999999999994,256.0,203.99999999999997,840.0000000000003,46.00000000000002,581.0000000000002,823.9999999999998,327.0000000000001,2020-05-01,281.0,347.0,66.0,2090.0,806.0,2327.0,156.0,227.0,1309.0,1133.0,2442.0,1077.0,165.0,143.0,245.0,1936.0,55.0,1166.0,3649.0,3791.0,365.0,287.0,363.0,246.0,78.0,7316.0,130.0,23743.0,407.0,23.0,962.0,224.0,104.0,2563.0,287.0,240.0,205.0,814.0,49.0,584.0,819.0,321.0
287.9999999999999,329.9999999999999,72.0,2180.0,832.0000000000005,2435.9999999999995,167.99999999999991,239.99999999999997,1364.0000000000002,1177.0,2558.999999999998,1114.9999999999998,174.99999999999994,142.0000000000001,247.99999999999986,1993.0,55.99999999999995,1250.9999999999998,3846.0,4020.9999999999995,394.0,290.9999999999999,376.0000000000001,254.99999999999983,84.00000000000004,7741.999999999998,138.00000000000003,24035.000000000007,430.99999999999966,23.99999999999998,1021.9999999999997,238.00000000000014,109.00000000000009,2695.0000000000005,295.9999999999999,267.0000000000001,208.99999999999986,862.9999999999994,49.000000000000036,616.9999999999994,830.0000000000007,334.0000000000002,2020-05-02,293.0,365.0,69.0,2163.0,829.0,2404.0,164.0,238.0,1354.0,1167.0,2547.0,1128.0,175.0,147.0,251.0,1973.0,56.0,1219.0,3801.0,3860.0,387.0,300.0,378.0,253.0,83.0,7557.0,138.0,24005.0,424.0,24.0,1006.0,229.0,106.0,2702.0,301.0,251.0,210.0,846.0,51.0,612.0,832.0,330.0
290.00000000000006,362.00000000000006,75.99999999999994,2216.0000000000005,842.0000000000001,2435.9999999999995,177.00000000000003,250.99999999999991,1379.0,1183.9999999999993,2618.000000000001,1132.0000000000007,183.99999999999991,144.0000000000001,253.0,2012.0000000000005,56.999999999999986,1281.0,4003.9999999999995,4052.9999999999986,417.99999999999966,303.0000000000002,381.0000000000002,258.0000000000001,86.00000000000004,7871.000000000003,150.99999999999994,24575.999999999996,433.9999999999999,24.999999999999993,1039.0000000000005,238.00000000000014,109.00000000000009,2719.999999999998,319.9999999999999,274.99999999999994,210.0,877.9999999999998,50.000000000000036,660.0000000000005,834.0000000000003,339.0000000000003,2020-05-03,306.0,383.0,72.0,2237.0,852.0,2481.0,172.0,248.0,1399.0,1200.0,2654.0,1178.0,185.0,150.0,258.0,2010.0,57.0,1273.0,3954.0,3930.0,409.0,314.0,394.0,261.0,88.0,7793.0,146.0,24267.0,441.0,25.0,1049.0,233.0,108.0,2842.0,314.0,263.0,216.0,877.0,52.0,639.0,845.0,339.0
297.9999999999999,362.00000000000006,80.00000000000004,2278.000000000002,850.9999999999999,2556.0000000000005,181.9999999999999,258.0,1398.9999999999993,1245.9999999999993,2659.0000000000023,1150.9999999999995,188.00000000000006,156.0000000000001,260.99999999999983,2064.0000000000005,56.999999999999986,1317.0000000000011,4089.9999999999986,4139.000000000001,427.0000000000001,310.00000000000017,385.99999999999983,264.9999999999999,86.00000000000004,7910.0,155.99999999999994,24787.999999999993,441.99999999999966,24.999999999999993,1057.0000000000007,238.00000000000014,109.00000000000009,2837.999999999999,340.9999999999997,282.99999999999983,219.00000000000009,900.9999999999994,50.000000000000036,684.0000000000002,841.0000000000003,339.99999999999994,2020-05-04,319.0,401.0,74.0,2311.0,876.0,2556.0,181.0,259.0,1443.0,1234.0,2762.0,1228.0,196.0,154.0,265.0,2046.0,58.0,1327.0,4105.0,3999.0,431.0,329.0,409.0,268.0,93.0,8024.0,153.0,24529.0,458.0,26.0,1094.0,237.0,111.0,2981.0,328.0,275.0,221.0,909.0,54.0,667.0,858.0,347.0
315.00000000000006,395.0000000000003,82.99999999999996,2380.9999999999995,902.9999999999995,2632.9999999999995,187.0000000000001,263.99999999999994,1470.999999999999,1299.0000000000007,2834.0000000000005,1210.9999999999998,206.99999999999997,161.0,275.0000000000001,2114.9999999999995,60.999999999999986,1390.0000000000007,4211.999999999999,4182.999999999998,454.9999999999999,342.0000000000002,409.00000000000034,270.0000000000002,91.99999999999993,8243.999999999996,162.00000000000003,25028.0,472.00000000000006,24.999999999999993,1134.9999999999998,247.00000000000009,112.99999999999993,3179.0000000000023,355.00000000000006,296.0000000000002,225.99999999999994,924.9999999999993,55.99999999999996,713.0000000000006,862.0,352.9999999999997,2020-05-05,332.0,420.0,77.0,2386.0,900.0,2631.0,189.0,270.0,1488.0,1268.0,2871.0,1277.0,207.0,158.0,272.0,2083.0,59.0,1382.0,4254.0,4068.0,454.0,343.0,424.0,275.0,98.0,8250.0,161.0,24790.0,475.0,28.0,1138.0,241.0,113.0,3120.0,342.0,286.0,227.0,941.0,56.0,696.0,871.0,356.0
343.0000000000002,425.9999999999997,86.99999999999993,2463.9999999999995,918.9999999999993,2718.0,192.99999999999994,277.00000000000006,1539.0,1327.0,2974.0000000000023,1377.0000000000011,219.00000000000006,163.9999999999999,283.0,2167.0,61.99999999999998,1437.0000000000007,4419.999999999999,4256.000000000002,485.00000000000006,373.9999999999999,428.0,288.99999999999994,91.99999999999993,8548.999999999998,168.99999999999994,25956.000000000007,491.99999999999966,31.00000000000001,1225.0,252.99999999999983,115.00000000000001,3344.9999999999977,370.00000000000017,304.9999999999999,238.99999999999991,954.0000000000008,57.999999999999964,737.0000000000005,870.0000000000005,362.0000000000002,2020-05-06,345.0,439.0,80.0,2460.0,923.0,2704.0,197.0,280.0,1532.0,1301.0,2981.0,1326.0,218.0,162.0,278.0,2119.0,60.0,1436.0,4401.0,4137.0,478.0,358.0,439.0,283.0,103.0,8470.0,170.0,25051.0,492.0,29.0,1183.0,245.0,115.0,3258.0,356.0,298.0,233.0,973.0,58.0,724.0,883.0,365.0
369.00000000000006,449.99999999999994,86.99999999999993,2535.0000000000014,944.0,2796.9999999999995,202.00000000000014,285.00000000000006,1599.9999999999995,1355.0000000000007,3111.0000000000005,1414.0,231.00000000000017,165.00000000000009,293.99999999999994,2207.9999999999995,61.99999999999998,1502.9999999999995,4552.0,4345.000000000001,507.9999999999996,395.9999999999998,449.0000000000002,296.99999999999994,114.0,8807.000000000002,172.00000000000003,26205.999999999993,513.0000000000001,31.00000000000001,1270.9999999999995,260.0,120.99999999999991,3588.9999999999995,388.00000000000006,316.00000000000017,238.00000000000014,984.9999999999998,60.99999999999998,768.9999999999995,891.0000000000007,374.00000000000017,2020-05-07,358.0,459.0,83.0,2535.0,947.0,2776.0,205.0,291.0,1576.0,1334.0,3091.0,1373.0,229.0,165.0,285.0,2155.0,61.0,1490.0,4546.0,4207.0,501.0,373.0,454.0,290.0,109.0,8683.0,178.0,25311.0,510.0,30.0,1228.0,250.0,117.0,3394.0,371.0,309.0,238.0,1005.0,60.0,752.0,895.0,374.0
383.00000000000034,516.9999999999998,87.99999999999997,2613.000000000001,959.9999999999995,2874.000000000001,212.99999999999997,304.00000000000006,1669.0000000000005,1400.0000000000002,3241.000000000003,1446.9999999999993,242.99999999999997,167.99999999999994,297.9999999999998,2226.9999999999995,62.999999999999964,1559.9999999999995,4701.999999999997,4399.0,534.0000000000001,408.9999999999999,483.00000000000034,293.99999999999983,120.9999999999999,8960.000000000004,181.0,26357.999999999993,530.0000000000001,33.00000000000003,1305.9999999999995,265.99999999999983,124.00000000000003,3714.999999999999,399.0000000000001,320.0000000000003,241.99999999999991,1024.9999999999989,60.99999999999998,812.0000000000006,904.9999999999999,383.9999999999998,2020-05-08,371.0,479.0,85.0,2610.0,971.0,2846.0,213.0,301.0,1620.0,1368.0,3201.0,1420.0,241.0,169.0,292.0,2191.0,62.0,1544.0,4689.0,4276.0,525.0,388.0,470.0,297.0,115.0,8889.0,186.0,25571.0,527.0,32.0,1273.0,254.0,119.0,3528.0,385.0,320.0,244.0,1037.0,63.0,781.0,907.0,383.0
390.0000000000001,532.0000000000003,87.99999999999997,2686.9999999999986,967.0000000000002,2932.0000000000005,221.00000000000003,310.99999999999994,1715.000000000001,1403.0000000000005,3349.0000000000027,1490.000000000001,252.00000000000006,174.0,304.0,2267.0,63.99999999999995,1613.9999999999998,4839.999999999998,4529.999999999998,558.0000000000005,420.99999999999994,494.0000000000003,313.00000000000006,131.00000000000006,9115.999999999998,191.00000000000009,26584.00000000001,551.0000000000005,35.00000000000002,1331.0,270.0000000000001,127.00000000000011,3779.000000000001,417.99999999999994,330.0,241.99999999999991,1066.0000000000002,66.0,826.9999999999998,921.0000000000002,397.9999999999998,2020-05-09,384.0,499.0,88.0,2685.0,995.0,2914.0,222.0,311.0,1664.0,1400.0,3312.0,1466.0,253.0,172.0,299.0,2226.0,63.0,1598.0,4828.0,4344.0,549.0,403.0,485.0,304.0,120.0,9088.0,194.0,25831.0,545.0,33.0,1318.0,258.0,121.0,3660.0,400.0,330.0,249.0,1069.0,65.0,809.0,919.0,391.0
392.9999999999998,535.9999999999999,91.00000000000006,2715.999999999998,971.0000000000007,2967.0,221.00000000000003,322.99999999999994,1720.9999999999998,1406.0000000000007,3405.9999999999995,1508.0000000000011,264.9999999999998,174.0,304.0,2285.9999999999995,63.99999999999995,1644.0000000000002,4979.0,4555.0,577.9999999999997,430.00000000000034,503.00000000000017,309.99999999999994,133.0000000000001,9256.0,199.99999999999983,26797.99999999999,564.0000000000005,35.00000000000002,1340.999999999999,272.00000000000017,127.00000000000011,3806.000000000001,422.00000000000006,330.99999999999983,243.0,1094.0000000000005,66.99999999999996,839.0000000000005,930.9999999999995,400.0,2020-05-10,397.0,519.0,90.0,2759.0,1018.0,2981.0,230.0,321.0,1707.0,1433.0,3422.0,1510.0,265.0,175.0,305.0,2261.0,64.0,1651.0,4963.0,4413.0,573.0,418.0,500.0,310.0,126.0,9280.0,203.0,26090.0,562.0,35.0,1363.0,262.0,124.0,3788.0,414.0,340.0,255.0,1101.0,67.0,838.0,930.0,400.0
403.00000000000034,542.0000000000005,94.0,2778.9999999999986,987.0000000000007,3007.9999999999995,225.00000000000009,327.99999999999983,1734.9999999999986,1443.9999999999989,3458.9999999999973,1540.0000000000002,270.99999999999983,180.0,311.0000000000002,2308.000000000001,64.99999999999996,1682.9999999999993,5108.000000000001,4583.999999999998,590.9999999999997,434.9999999999998,514.0000000000003,312.00000000000017,133.0000000000001,9340.0,208.00000000000009,27003.00000000001,575.0000000000003,36.000000000000014,1357.000000000001,274.0000000000001,129.99999999999997,3832.000000000002,429.9999999999999,346.0000000000002,251.0000000000002,1116.9999999999998,67.99999999999999,849.9999999999995,945.0000000000007,409.0000000000003,2020-05-11,410.0,539.0,93.0,2833.0,1042.0,3046.0,238.0,331.0,1750.0,1465.0,3532.0,1553.0,278.0,179.0,312.0,2296.0,65.0,1704.0,5095.0,4482.0,597.0,433.0,514.0,317.0,132.0,9463.0,211.0,26348.0,580.0,36.0,1408.0,266.0,126.0,3913.0,429.0,350.0,261.0,1133.0,69.0,866.0,942.0,409.0
434.9999999999998,562.0000000000002,95.0,2879.0000000000005,1010.0000000000009,3040.999999999999,236.99999999999997,336.0,1779.000000000001,1498.0000000000005,3600.999999999998,1577.9999999999986,288.99999999999983,184.0,321.0,2347.0000000000005,64.99999999999996,1755.9999999999998,5141.000000000002,4674.000000000002,614.0000000000003,457.0000000000003,528.9999999999997,320.99999999999983,142.0,9531.000000000002,218.99999999999997,27281.999999999993,600.0000000000002,37.99999999999998,1436.0000000000007,277.9999999999998,129.99999999999997,3914.000000000002,443.99999999999994,354.9999999999999,265.99999999999983,1146.000000000001,73.00000000000003,892.0000000000001,962.0000000000002,417.9999999999998,2020-05-12,423.0,560.0,95.0,2907.0,1065.0,3109.0,246.0,340.0,1792.0,1497.0,3642.0,1595.0,290.0,182.0,318.0,2331.0,66.0,1755.0,5223.0,4550.0,621.0,449.0,529.0,324.0,138.0,9639.0,220.0,26605.0,598.0,37.0,1453.0,270.0,128.0,4034.0,443.0,360.0,266.0,1164.0,71.0,894.0,953.0,417.0
449.9999999999998,594.9999999999995,96.99999999999991,2956.9999999999977,1062.0000000000005,3125.0,247.00000000000017,349.99999999999983,1827.0000000000007,1517.0,3791.999999999998,1619.0000000000011,305.9999999999998,188.00000000000014,321.0,2380.999999999999,66.00000000000001,1809.0000000000002,5314.999999999999,4714.000000000003,637.9999999999999,464.99999999999994,550.9999999999999,330.9999999999999,150.00000000000009,9714.000000000002,231.00000000000006,27448.000000000004,624.9999999999995,40.00000000000003,1482.9999999999989,277.9999999999998,133.99999999999997,4094.000000000002,461.9999999999999,362.0000000000002,273.0000000000001,1171.999999999999,75.00000000000001,928.0000000000008,973.9999999999993,420.99999999999966,2020-05-13,436.0,581.0,97.0,2980.0,1089.0,3170.0,254.0,350.0,1833.0,1529.0,3751.0,1635.0,303.0,184.0,325.0,2365.0,67.0,1806.0,5346.0,4618.0,645.0,464.0,544.0,330.0,144.0,9807.0,228.0,26862.0,615.0,39.0,1497.0,274.0,130.0,4150.0,458.0,369.0,272.0,1196.0,73.0,922.0,964.0,426.0
472.99999999999994,624.0,97.99999999999994,3051.9999999999973,1085.9999999999993,3218.999999999999,260.0000000000001,358.0,1875.0000000000014,1544.9999999999998,3927.9999999999995,1646.0000000000007,317.99999999999983,189.0,327.99999999999983,2417.000000000001,69.0,1865.9999999999993,5482.0,4787.000000000001,672.0000000000006,479.99999999999966,565.9999999999998,332.9999999999999,150.99999999999997,9946.0,242.0000000000002,27617.0,640.9999999999997,40.00000000000003,1534.0000000000005,284.0000000000001,137.00000000000003,4287.999999999999,468.00000000000017,371.0,287.00000000000017,1235.0,75.00000000000001,956.0000000000005,982.9999999999993,434.0000000000003,2020-05-14,449.0,601.0,100.0,3053.0,1112.0,3228.0,261.0,359.0,1874.0,1560.0,3859.0,1674.0,316.0,187.0,331.0,2398.0,68.0,1856.0,5465.0,4686.0,669.0,480.0,558.0,336.0,150.0,9966.0,236.0,27118.0,633.0,40.0,1541.0,278.0,132.0,4262.0,473.0,377.0,278.0,1227.0,75.0,950.0,974.0,434.0
482.99999999999994,650.9999999999997,97.99999999999994,3136.0,1150.0000000000007,3284.9999999999995,270.99999999999994,368.00000000000017,1917.0,1588.0,4059.0000000000027,1691.0,335.9999999999997,192.99999999999997,332.00000000000017,2448.0000000000005,69.0,1911.0000000000011,5592.0,4825.000000000002,692.0000000000003,493.0,580.9999999999999,343.00000000000006,150.99999999999997,10148.000000000002,253.00000000000014,27755.000000000004,666.9999999999994,41.999999999999964,1581.0000000000014,284.99999999999983,137.00000000000003,4421.999999999999,478.99999999999983,380.00000000000017,289.9999999999998,1279.9999999999993,77.00000000000006,978.0000000000002,990.9999999999995,445.0000000000001,2020-05-15,461.0,622.0,102.0,3125.0,1135.0,3285.0,269.0,368.0,1914.0,1590.0,3965.0,1710.0,329.0,190.0,337.0,2432.0,69.0,1905.0,5580.0,4753.0,692.0,495.0,572.0,342.0,156.0,10117.0,245.0,27374.0,650.0,41.0,1585.0,282.0,134.0,4370.0,487.0,385.0,283.0,1258.0,77.0,977.0,985.0,442.0
484.9999999999998,679.0000000000006,97.99999999999994,3207.9999999999986,1191.9999999999998,3338.9999999999995,285.99999999999983,374.9999999999999,1963.9999999999995,1597.999999999999,4129.000000000001,1740.9999999999989,346.0000000000002,195.0,333.99999999999983,2479.0,70.0,1956.9999999999989,5705.0,4881.000000000002,709.0,509.99999999999994,593.9999999999998,347.0000000000002,170.99999999999991,10261.000000000002,259.0,27953.000000000007,675.9999999999998,41.999999999999964,1610.0000000000014,288.0000000000001,137.00000000000003,4479.999999999998,489.0000000000001,380.00000000000017,294.9999999999999,1317.9999999999995,77.99999999999997,1003.0000000000002,999.0000000000007,452.99999999999983,2020-05-16,473.0,643.0,104.0,3197.0,1158.0,3339.0,277.0,376.0,1954.0,1621.0,4071.0,1745.0,342.0,192.0,344.0,2465.0,70.0,1952.0,5689.0,4820.0,715.0,511.0,585.0,348.0,163.0,10261.0,253.0,27628.0,667.0,43.0,1627.0,287.0,136.0,4472.0,501.0,393.0,289.0,1288.0,80.0,1003.0,995.0,451.0
487.99999999999994,679.9999999999995,97.99999999999994,3239.9999999999995,1215.0000000000002,3408.0,289.9999999999999,382.99999999999983,1972.9999999999998,1610.0000000000011,4177.000000000001,1750.9999999999993,351.0000000000002,195.0,333.99999999999983,2491.0000000000014,70.0,1991.999999999999,5797.000000000001,4891.000000000002,730.9999999999997,520.9999999999997,599.9999999999995,350.00000000000006,172.00000000000009,10363.000000000005,265.0000000000001,28167.99999999999,686.0000000000007,43.00000000000003,1625.0000000000007,288.0000000000001,137.00000000000003,4495.000000000002,499.00000000000006,385.0000000000003,298.0000000000001,1342.9999999999995,80.0,1010.0000000000003,1000.9999999999992,452.99999999999983,2020-05-17,486.0,664.0,106.0,3267.0,1180.0,3391.0,284.0,384.0,1992.0,1650.0,4175.0,1779.0,356.0,195.0,350.0,2497.0,71.0,1999.0,5794.0,4887.0,738.0,526.0,599.0,354.0,169.0,10395.0,261.0,27882.0,684.0,44.0,1670.0,291.0,138.0,4570.0,515.0,400.0,294.0,1319.0,82.0,1030.0,1005.0,459.0
489.00000000000034,686.9999999999997,99.99999999999996,3278.999999999999,1224.0000000000005,3450.0,296.99999999999994,391.9999999999999,1996.9999999999995,1649.000000000001,4233.999999999997,1764.9999999999989,354.99999999999983,198.00000000000014,345.99999999999983,2562.999999999999,70.99999999999997,2022.9999999999998,5861.999999999999,4915.0,739.9999999999999,527.0000000000001,610.9999999999998,357.9999999999999,172.00000000000009,10438.999999999998,269.99999999999994,28302.000000000004,692.9999999999998,43.99999999999999,1656.9999999999986,288.0000000000001,138.00000000000006,4514.999999999998,506.00000000000006,391.00000000000017,301.0000000000002,1350.0,80.0,1014.9999999999998,1002.0000000000002,459.00000000000017,2020-05-18,497.0,684.0,107.0,3337.0,1203.0,3441.0,291.0,392.0,2030.0,1679.0,4278.0,1810.0,369.0,197.0,356.0,2529.0,72.0,2044.0,5894.0,4953.0,760.0,541.0,612.0,359.0,175.0,10522.0,269.0,28134.0,701.0,46.0,1711.0,295.0,140.0,4662.0,529.0,407.0,300.0,1348.0,84.0,1056.0,1014.0,467.0
503.99999999999983,705.0,101.99999999999997,3403.000000000002,1257.0000000000005,3471.9999999999995,303.99999999999994,399.9999999999999,2052.0000000000014,1675.0000000000005,4379.000000000001,1824.0,367.00000000000017,198.99999999999997,366.00000000000017,2581.0000000000005,73.00000000000003,2081.0,5938.000000000002,5017.0,757.0000000000005,553.9999999999997,631.0,357.9999999999999,172.00000000000009,10587.000000000002,276.00000000000006,28436.999999999993,692.9999999999998,44.99999999999997,1720.0000000000005,293.00000000000017,140.00000000000006,4628.0,532.0,399.00000000000017,304.9999999999999,1388.0000000000011,88.00000000000007,1042.000000000001,1031.0000000000005,466.99999999999983,2020-05-19,509.0,705.0,109.0,3405.0,1225.0,3488.0,298.0,399.0,2067.0,1708.0,4379.0,1840.0,383.0,199.0,362.0,2561.0,73.0,2087.0,5988.0,5019.0,782.0,557.0,625.0,365.0,181.0,10641.0,277.0,28386.0,718.0,47.0,1752.0,299.0,141.0,4749.0,543.0,413.0,305.0,1377.0,86.0,1081.0,1024.0,475.0
521.9999999999999,746.9999999999999,106.99999999999997,3496.999999999998,1298.9999999999995,3528.999999999999,309.99999999999994,406.9999999999999,2096.0000000000014,1697.0000000000011,4525.000000000002,1863.9999999999986,393.00000000000006,201.99999999999983,376.00000000000034,2608.000000000001,73.00000000000003,2122.9999999999995,6065.999999999997,5059.999999999997,786.0,570.0000000000003,639.9999999999995,376.9999999999999,190.0,10749.000000000002,283.00000000000017,28539.99999999999,726.0000000000001,48.99999999999999,1781.0000000000002,299.00000000000017,144.00000000000003,4770.000000000001,538.0,407.0000000000003,304.9999999999999,1426.000000000001,90.00000000000004,1074.9999999999998,1036.9999999999995,481.0000000000001,2020-05-20,520.0,725.0,111.0,3473.0,1247.0,3533.0,304.0,406.0,2103.0,1736.0,4478.0,1868.0,396.0,201.0,368.0,2592.0,74.0,2129.0,6078.0,5084.0,803.0,572.0,637.0,370.0,187.0,10753.0,285.0,28636.0,734.0,48.0,1792.0,302.0,143.0,4831.0,557.0,419.0,311.0,1406.0,88.0,1105.0,1033.0,482.0
529.0000000000001,764.0000000000006,110.00000000000004,3582.999999999998,1309.9999999999993,3582.999999999999,316.9999999999998,412.0000000000001,2144.0,1775.0000000000011,4607.0,1912.9999999999986,409.9999999999999,204.0000000000001,386.00000000000006,2628.999999999999,73.00000000000003,2158.999999999999,6148.000000000002,5129.000000000001,818.0000000000005,580.0000000000001,668.0000000000006,383.00000000000006,199.00000000000014,10846.000000000002,294.00000000000006,28663.000000000004,728.0000000000003,50.99999999999999,1837.0000000000016,303.99999999999983,145.0000000000001,4868.999999999999,556.0,415.9999999999997,313.0,1460.000000000001,92.00000000000006,1100.0000000000005,1044.0000000000007,486.99999999999966,2020-05-21,531.0,746.0,112.0,3539.0,1268.0,3576.0,311.0,413.0,2137.0,1763.0,4575.0,1894.0,410.0,203.0,373.0,2623.0,75.0,2170.0,6163.0,5149.0,824.0,587.0,649.0,375.0,193.0,10856.0,292.0,28886.0,751.0,49.0,1830.0,306.0,145.0,4908.0,570.0,424.0,316.0,1434.0,90.0,1129.0,1042.0,490.0
541.0000000000005,775.0,112.99999999999994,3665.0,1324.0000000000007,3637.0000000000005,321.99999999999994,418.0,2189.999999999998,1808.0000000000002,4715.0,1940.9999999999984,424.00000000000006,205.00000000000003,390.99999999999966,2667.9999999999995,75.00000000000001,2206.9999999999995,6228.000000000001,5157.999999999999,851.0000000000002,595.0000000000003,677.0000000000002,385.99999999999994,203.9999999999999,10984.999999999998,301.9999999999999,28801.999999999996,774.9999999999999,51.99999999999996,1872.0,307.0000000000002,147.00000000000009,5010.000000000003,579.0000000000001,419.0,314.99999999999983,1470.0000000000005,93.00000000000009,1135.9999999999993,1049.999999999999,496.00000000000034,2020-05-22,542.0,766.0,114.0,3604.0,1289.0,3617.0,317.0,419.0,2171.0,1789.0,4670.0,1919.0,423.0,205.0,379.0,2653.0,76.0,2209.0,6242.0,5213.0,844.0,601.0,661.0,380.0,199.0,10953.0,299.0,29134.0,767.0,51.0,1868.0,310.0,147.0,4979.0,583.0,429.0,322.0,1462.0,92.0,1153.0,1050.0,498.0
549.0000000000001,800.9999999999994,115.00000000000003,3736.999999999999,1327.0000000000011,3675.0000000000014,321.99999999999994,427.00000000000006,2232.9999999999995,1821.999999999999,4789.999999999998,1963.999999999999,445.9999999999998,205.00000000000003,390.99999999999966,2667.9999999999995,77.00000000000006,2243.0,6304.000000000002,5223.000000000001,860.9999999999997,616.0000000000005,682.0000000000005,386.9999999999999,208.00000000000017,11081.999999999996,301.9999999999999,28899.999999999993,777.9999999999994,51.99999999999996,1956.0000000000002,311.0,147.00000000000009,5111.999999999998,597.0,425.0000000000003,329.00000000000006,1477.9999999999989,97.00000000000006,1159.0000000000007,1049.999999999999,506.99999999999983,2020-05-23,552.0,786.0,115.0,3668.0,1310.0,3655.0,323.0,425.0,2204.0,1815.0,4762.0,1941.0,437.0,207.0,384.0,2683.0,77.0,2247.0,6317.0,5277.0,863.0,616.0,672.0,384.0,205.0,11042.0,307.0,29381.0,782.0,52.0,1905.0,314.0,149.0,5045.0,596.0,434.0,327.0,1489.0,94.0,1175.0,1058.0,505.0
551.0000000000003,800.9999999999994,116.0,3753.0000000000023,1332.000000000001,3693.0000000000005,326.00000000000017,432.00000000000017,2236.9999999999986,1827.0000000000016,4856.000000000001,1976.0,456.0000000000003,205.00000000000003,390.99999999999966,2691.0000000000005,77.99999999999997,2277.000000000001,6372.000000000002,5228.0,877.9999999999993,625.0000000000005,686.0,380.0000000000003,209.00000000000014,11137.999999999998,317.00000000000006,29045.99999999999,783.9999999999994,53.0,1968.9999999999993,311.0,148.00000000000009,5135.999999999999,608.0000000000001,435.0000000000001,335.9999999999998,1527.9999999999998,97.00000000000006,1171.0000000000007,1060.999999999999,510.0000000000004,2020-05-24,563.0,805.0,116.0,3730.0,1331.0,3691.0,329.0,431.0,2236.0,1841.0,4852.0,1962.0,450.0,208.0,390.0,2712.0,78.0,2282.0,6387.0,5340.0,882.0,630.0,683.0,389.0,211.0,11125.0,314.0,29626.0,798.0,53.0,1941.0,318.0,150.0,5107.0,609.0,438.0,332.0,1515.0,96.0,1197.0,1067.0,512.0
566.0000000000002,807.0000000000007,116.99999999999993,3768.000000000001,1333.0000000000011,3741.9999999999995,332.00000000000006,439.9999999999999,2251.9999999999986,1847.999999999999,4885.000000000002,1984.0000000000002,456.0000000000003,207.00000000000009,390.99999999999966,2691.0000000000005,77.99999999999997,2301.9999999999995,6416.000000000003,5241.0,890.0,634.9999999999997,688.9999999999997,394.0000000000002,209.99999999999991,11147.0,320.0000000000001,29137.999999999985,790.0000000000006,53.99999999999998,1986.9999999999995,312.99999999999994,148.00000000000009,5146.0,608.0000000000001,440.00000000000034,338.0000000000001,1533.0000000000011,98.0000000000001,1208.0000000000014,1069.999999999999,514.0000000000003,2020-05-25,572.0,824.0,117.0,3791.0,1351.0,3725.0,334.0,436.0,2267.0,1865.0,4940.0,1982.0,463.0,210.0,395.0,2741.0,79.0,2317.0,6452.0,5402.0,900.0,644.0,694.0,393.0,216.0,11201.0,320.0,29871.0,813.0,54.0,1976.0,322.0,152.0,5163.0,621.0,442.0,337.0,1541.0,98.0,1218.0,1074.0,519.0
580.0000000000002,809.9999999999995,119.00000000000003,3817.9999999999977,1351.9999999999995,3768.9999999999995,335.0000000000001,439.9999999999999,2258.999999999998,1896.0,4923.000000000002,2003.9999999999986,477.0000000000003,210.00000000000014,393.99999999999966,2702.0000000000005,78.99999999999997,2332.999999999999,6472.999999999998,5265.999999999997,908.0000000000005,651.9999999999997,693.0000000000002,394.0000000000002,213.99999999999991,11194.0,325.0000000000001,29241.000000000004,800.9999999999992,53.99999999999998,2001.9999999999989,317.9999999999998,148.00000000000009,5163.0,633.9999999999998,445.9999999999998,342.99999999999994,1545.9999999999986,100.99999999999997,1235.9999999999995,1077.9999999999998,517.0000000000001,2020-05-26,582.0,843.0,118.0,3851.0,1371.0,3757.0,339.0,441.0,2296.0,1889.0,5025.0,2000.0,477.0,211.0,400.0,2769.0,80.0,2349.0,6513.0,5464.0,918.0,658.0,704.0,397.0,222.0,11271.0,327.0,30114.0,828.0,55.0,2010.0,325.0,154.0,5215.0,633.0,445.0,342.0,1566.0,100.0,1239.0,1082.0,526.0
582.9999999999995,833.9999999999999,119.99999999999997,3893.9999999999995,1392.000000000001,3803.0000000000005,344.00000000000006,444.99999999999994,2318.999999999999,1932.999999999999,5083.000000000002,2030.0000000000007,496.0000000000002,213.00000000000006,400.0000000000002,2722.999999999999,81.0,2392.0000000000005,6546.999999999999,5333.999999999997,942.0000000000001,670.0,688.9999999999997,401.9999999999999,222.9999999999998,11339.0,328.99999999999983,29339.00000000001,843.9999999999999,55.99999999999999,2043.9999999999993,321.9999999999999,148.00000000000009,5264.999999999998,654.9999999999998,466.0,353.00000000000034,1581.0000000000014,104.99999999999994,1281.0000000000005,1094.9999999999995,538.9999999999999,2020-05-27,591.0,862.0,119.0,3909.0,1391.0,3787.0,344.0,446.0,2325.0,1912.0,5108.0,2016.0,490.0,212.0,405.0,2796.0,81.0,2380.0,6570.0,5525.0,934.0,671.0,713.0,401.0,227.0,11335.0,333.0,30356.0,842.0,56.0,2042.0,329.0,155.0,5262.0,645.0,448.0,348.0,1590.0,102.0,1258.0,1089.0,533.0
591.0000000000003,859.9999999999995,125.00000000000006,3993.0000000000027,1420.9999999999993,3826.0000000000005,345.0,453.0000000000001,2363.9999999999986,1973.0000000000007,5185.999999999999,2067.999999999999,505.9999999999998,214.0000000000001,408.9999999999998,2741.0,84.00000000000003,2427.9999999999995,6639.999999999998,5372.000000000002,976.9999999999995,692.9999999999995,708.0000000000001,406.00000000000017,231.99999999999997,11408.999999999996,335.0000000000001,29438.0,875.9999999999999,57.00000000000002,2098.000000000001,325.0000000000003,151.0,5373.000000000002,677.0,469.9999999999997,355.9999999999998,1611.0000000000002,105.99999999999993,1337.9999999999993,1106.0000000000005,549.9999999999999,2020-05-28,600.0,880.0,120.0,3965.0,1410.0,3815.0,349.0,450.0,2352.0,1934.0,5187.0,2031.0,502.0,214.0,410.0,2823.0,82.0,2410.0,6622.0,5586.0,950.0,685.0,723.0,404.0,233.0,11394.0,339.0,30596.0,856.0,57.0,2073.0,333.0,157.0,5306.0,656.0,451.0,353.0,1613.0,104.0,1277.0,1097.0,540.0
608.0,898.0,121.0,4020.0,1428.0,3841.0,353.0,455.0,2379.0,1956.0,5264.0,2045.0,515.0,215.0,415.0,2849.0,83.0,2437.0,6670.0,5646.0,965.0,697.0,732.0,408.0,238.0,11447.0,345.0,30835.0,870.0,58.0,2104.0,336.0,158.0,5345.0,667.0,454.0,358.0,1636.0,106.0,1295.0,1103.0,546.0,2020-05-29,,,,,,,,,,,,,,,,,,,,,,,,,,,,,,,,,,,,,,,,,,
616.0,915.0,122.0,4073.0,1447.0,3866.0,358.0,458.0,2404.0,1977.0,5338.0,2057.0,527.0,216.0,419.0,2875.0,84.0,2464.0,6714.0,5705.0,979.0,710.0,740.0,411.0,243.0,11496.0,350.0,31072.0,883.0,59.0,2132.0,340.0,160.0,5380.0,678.0,456.0,362.0,1658.0,108.0,1312.0,1110.0,553.0,2020-05-30,,,,,,,,,,,,,,,,,,,,,,,,,,,,,,,,,,,,,,,,,,
624.0,932.0,122.0,4125.0,1465.0,3888.0,362.0,462.0,2428.0,1997.0,5410.0,2069.0,540.0,217.0,424.0,2900.0,85.0,2488.0,6755.0,5763.0,993.0,722.0,748.0,414.0,248.0,11540.0,355.0,31308.0,896.0,60.0,2160.0,344.0,161.0,5412.0,688.0,458.0,367.0,1680.0,110.0,1329.0,1116.0,559.0,2020-05-31,,,,,,,,,,,,,,,,,,,,,,,,,,,,,,,,,,,,,,,,,,
631.0,948.0,123.0,4175.0,1482.0,3909.0,365.0,465.0,2452.0,2017.0,5478.0,2079.0,552.0,218.0,428.0,2925.0,86.0,2512.0,6792.0,5821.0,1006.0,734.0,756.0,417.0,253.0,11580.0,360.0,31542.0,909.0,61.0,2187.0,347.0,163.0,5441.0,698.0,460.0,372.0,1700.0,112.0,1344.0,1123.0,565.0,2020-06-01,,,,,,,,,,,,,,,,,,,,,,,,,,,,,,,,,,,,,,,,,,
638.0,964.0,123.0,4223.0,1499.0,3928.0,369.0,468.0,2474.0,2035.0,5544.0,2088.0,563.0,218.0,432.0,2949.0,87.0,2533.0,6826.0,5877.0,1018.0,745.0,763.0,420.0,257.0,11616.0,365.0,31775.0,921.0,62.0,2212.0,350.0,164.0,5466.0,707.0,461.0,377.0,1720.0,114.0,1359.0,1128.0,571.0,2020-06-02,,,,,,,,,,,,,,,,,,,,,,,,,,,,,,,,,,,,,,,,,,
644.0,980.0,124.0,4270.0,1516.0,3946.0,372.0,470.0,2495.0,2053.0,5606.0,2096.0,575.0,219.0,437.0,2973.0,88.0,2553.0,6857.0,5933.0,1029.0,757.0,770.0,422.0,262.0,11648.0,370.0,32006.0,932.0,63.0,2236.0,354.0,165.0,5489.0,716.0,462.0,381.0,1739.0,116.0,1373.0,1134.0,576.0,2020-06-03,,,,,,,,,,,,,,,,,,,,,,,,,,,,,,,,,,,,,,,,,,
651.0,995.0,124.0,4315.0,1532.0,3962.0,375.0,473.0,2515.0,2071.0,5666.0,2103.0,586.0,220.0,440.0,2996.0,89.0,2572.0,6884.0,5989.0,1039.0,767.0,776.0,425.0,266.0,11677.0,374.0,32235.0,944.0,63.0,2259.0,357.0,167.0,5509.0,725.0,464.0,386.0,1757.0,117.0,1387.0,1140.0,582.0,2020-06-04,,,,,,,,,,,,,,,,,,,,,,,,,,,,,,,,,,,,,,,,,,
